t,df
0.5,0.9795127743280907
0.5833333333333334,0.9759210266981884
0.6666666666666666,0.9722803296515551
0.75,0.968591330112802
0.8333333333333334,0.9648546818128292
0.9166666666666666,0.9610710450962637
1.0,0.9572410867275233
1.0833333333333333,0.9535978908552252
1.1666666666666667,0.9499434924599308
1.25,0.9462781269711145
1.3333333333333333,0.9426020297794888
1.4166666666666667,0.9389154362123555
1.5,0.9352185815090609
1.5833333333333333,0.9315117007965578
1.6666666666666667,0.9277950290650784
1.75,0.9240688011439218
1.8333333333333333,0.9203332516773582
1.9166666666666667,0.9165886151006544
2.0,0.9128351256162228
2.0833333333333335,0.9092571651912104
2.1666666666666665,0.9056840043801115
2.25,0.9021156969648263
2.3333333333333335,0.8985522963676273
2.4166666666666665,0.8949938556504046
2.5,0.8914404275139309
2.5833333333333335,0.8878920642971501
2.6666666666666665,0.8843488179764847
2.75,0.8808107401651661
2.8333333333333335,0.8772778821125855
2.9166666666666665,0.873750294703665
3.0,0.8702280284582515
3.0833333333333335,0.8667111335305302
3.1666666666666665,0.8631996597084592
3.25,0.8596936564132257
3.3333333333333335,0.8561931726987223
3.4166666666666665,0.8526982572510448
3.5,0.8492089583880098
3.5833333333333335,0.8457253240586939
3.6666666666666665,0.8422474018429933
3.75,0.8387752389512029
3.8333333333333335,0.8353088822236178
3.9166666666666665,0.831848378130154
4.0,0.8283937727699895
4.083333333333333,0.8249451118712262
4.166666666666667,0.8215024407905717
4.25,0.8180658045130413
4.333333333333333,0.8146352476516809
4.416666666666667,0.8112108144473086
4.5,0.8077925487682773
4.583333333333333,0.804380494110257
4.666666666666667,0.8009746935960369
4.75,0.797575189975347
4.833333333333333,0.7941820256247004
4.916666666666667,0.7907952425472535
5.0,0.7874148823726879
5.083333333333333,0.7840122024177913
5.166666666666667,0.7806153361756438
5.25,0.7772243356623546
5.333333333333333,0.773839252468394
5.416666666666667,0.7704601377580973
5.5,0.7670870422691948
5.583333333333333,0.7637200163123686
5.666666666666667,0.7603591097708353
5.75,0.7570043720999546
5.833333333333333,0.7536558523268644
5.916666666666667,0.7503135990501416
6.0,0.7469776604394887
6.083333333333333,0.743648084235446
6.166666666666667,0.7403249177491305
6.25,0.7370082078619985
6.333333333333333,0.7336980010256352
6.416666666666667,0.7303943432615695
6.5,0.7270972801611132
6.583333333333333,0.723806856885226
6.666666666666667,0.7205231181644057
6.75,0.7172461082986034
6.833333333333333,0.7139758711571622
6.916666666666667,0.710712450178783
7.0,0.7074558883715127
7.083333333333333,0.7042062283127584
7.166666666666667,0.700963512149325
7.25,0.6977277815974781
7.333333333333333,0.6944990779430299
7.416666666666667,0.6912774420414505
7.5,0.6880629143180016
7.583333333333333,0.6848555347678956
7.666666666666667,0.6816553429564771
7.75,0.6784623780194287
7.833333333333333,0.675276678663
7.916666666666667,0.67209828316426
8.0,0.6689272293713728
8.083333333333334,0.6657635547038959
8.166666666666666,0.6626072961531025
8.25,0.6594584902823247
8.333333333333334,0.656317173227322
8.416666666666666,0.6531833806966697
8.5,0.6500571479721716
8.583333333333334,0.6469385099092945
8.666666666666666,0.643827500937624
8.75,0.6407241550613433
8.833333333333334,0.6376285058597337
8.916666666666666,0.6345405864876965
9.0,0.6314604296762966
9.083333333333334,0.6283880677333277
9.166666666666666,0.6253235325438987
9.25,0.6222668555710411
9.333333333333334,0.6192180678563379
9.416666666666666,0.6161772000205729
9.5,0.6131442822644003
9.583333333333334,0.6101193443690366
9.666666666666666,0.6071024156969712
9.75,0.6040935251926974
9.833333333333334,0.6010927013834648
9.916666666666666,0.5980999723800504
10.0,0.5951153658775501
10.083333333333334,0.5924126310436799
10.166666666666666,0.589719959309627
10.25,0.5870373250850512
10.333333333333334,0.5843647027833108
10.416666666666666,0.5817020668218273
10.5,0.5790493916224506
10.583333333333334,0.5764066516118215
10.666666666666666,0.5737738212217321
10.75,0.5711508748894857
10.833333333333334,0.5685377870582534
10.916666666666666,0.5659345321774307
11.0,0.5633410847029902
11.083333333333334,0.5607574190978346
11.166666666666666,0.5581835098321472
11.25,0.55561933138374
11.333333333333334,0.553064858238401
11.416666666666666,0.5505200648902395
11.5,0.5479849258420292
11.583333333333334,0.5454594156055501
11.666666666666666,0.5429435087019286
11.75,0.5404371796619754
11.833333333333334,0.5379404030265221
11.916666666666666,0.5354531533467565
12.0,0.5329754051845543
12.083333333333334,0.5305071331128122
12.166666666666666,0.5280483117157755
12.25,0.5255989155893672
12.333333333333334,0.5231589193415138
12.416666666666666,0.5207282975924694
12.5,0.518307024975138
12.583333333333334,0.5158950761353952
12.666666666666666,0.5134924257324065
12.75,0.5110990484389452
12.833333333333334,0.5087149189417075
12.916666666666666,0.5063400119416275
13.0,0.5039743021541877
13.083333333333334,0.5016177643097312
13.166666666666666,0.49927037315376915
13.25,0.49693210344728855
13.333333333333334,0.49460292996705696
13.416666666666666,0.4922828275059265
13.5,0.4899717708731355
13.583333333333334,0.48766973489460846
13.666666666666666,0.48537669441325465
13.75,0.48309262428926475
13.833333333333334,0.4808174994004058
13.916666666666666,0.4785512946423143
14.0,0.4762939849287878
14.083333333333334,0.4740455451920747
14.166666666666666,0.4718059503831628
14.25,0.4695751754720647
14.333333333333334,0.4673531954481032
14.416666666666666,0.4651399853201945
14.5,0.4629355201171285
14.583333333333334,0.46073977488784934
14.666666666666666,0.45855272470173275
14.75,0.45637434464886223
14.833333333333334,0.45420460984030364
14.916666666666666,0.4520434954083783
15.0,0.449890976506933
15.083333333333334,0.4477470283116107
15.166666666666666,0.44561162602011734
15.25,0.44348474485248807
15.333333333333334,0.44136636005135166
15.416666666666666,0.4392564468821933
15.5,0.4371549806336149
15.583333333333334,0.4350619366175951
15.666666666666666,0.4329772901697466
15.75,0.43090101664957187
15.833333333333334,0.42883309144071763
15.916666666666666,0.4267734899512274
16.0,0.42472218761379243
16.083333333333332,0.4226791598860008
16.166666666666668,0.42064438225058515
16.25,0.4186178302156686
16.333333333333332,0.416599479315009
16.416666666666668,0.4145893051082412
16.5,0.41258728318111876
16.583333333333332,0.41059338914575244
16.666666666666668,0.40860759864084845
16.75,0.40662988733194405
16.833333333333332,0.40466023091164216
16.916666666666668,0.402698605099844
17.0,0.4007449856439804
17.083333333333332,0.3987993483192407
17.166666666666668,0.396861668928801
17.25,0.39493192330405047
17.333333333333332,0.3930100873048157
17.416666666666668,0.39109613681958333
17.5,0.3891900477657222
17.583333333333332,0.3872917960897022
17.666666666666668,0.38540135776731277
17.75,0.38351870880387956
17.833333333333332,0.38164382523447876
17.916666666666668,0.3797766831241508
18.0,0.37791725856811215
18.083333333333332,0.3760655276919646
18.166666666666668,0.3742214666519046
18.25,0.37238505163492974
18.333333333333332,0.370556258859044
18.416666666666668,0.36873506457346145
18.5,0.36692144505880864
18.583333333333332,0.3651153766273248
18.666666666666668,0.36331683562306083
18.75,0.3615257984220769
18.833333333333332,0.3597422414326379
18.916666666666668,0.3579661410954081
19.0,0.35619747388364376
19.083333333333332,0.35443621630338373
19.166666666666668,0.35268234489363975
19.25,0.3509358362265839
19.333333333333332,0.3491966669077353
19.416666666666668,0.34746481357614506
19.5,0.3457402529045795
19.583333333333332,0.3440229615997021
19.666666666666668,0.34231291640225353
19.75,0.34061009408723103
19.833333333333332,0.33891447146406484
19.916666666666668,0.33722602537679447
20.0,0.33554473270424273
20.083333333333332,0.33387057036018813
20.166666666666668,0.33220351529353653
20.25,0.3305435444884905
20.333333333333332,0.3288906349647174
20.416666666666668,0.3272447637775158
20.5,0.3256059080179815
20.583333333333332,0.3239740448131701
20.666666666666668,0.32234915132625963
20.75,0.3207312047567114
20.833333333333332,0.3191201823404288
20.916666666666668,0.317516061349915
21.0,0.3159188190944296
21.083333333333332,0.31432843292014295
21.166666666666668,0.31274488021028923
21.25,0.3111681383853191
21.333333333333332,0.3095981849030493
21.416666666666668,0.30803499725881156
21.5,0.30647855298560056
21.583333333333332,0.30492882965421947
21.666666666666668,0.3033858048734246
21.75,0.30184945629006876
21.833333333333332,0.3003197615892423
21.916666666666668,0.2987966984944139
22.0,0.29728024476756965
22.083333333333332,0.29577037820934954
22.166666666666668,0.29426707665918395
22.25,0.2927703179954284
22.333333333333332,0.2912800801354963
22.416666666666668,0.2897963410359908
22.5,0.2883190786928351
22.583333333333332,0.28684827114140166
22.666666666666668,0.28538389645663903
22.75,0.2839259327531991
22.833333333333332,0.28247435818556066
22.916666666666668,0.2810291509481535
23.0,0.27959028927548035
23.083333333333332,0.27815775144223726
23.166666666666668,0.2767315157634329
23.25,0.27531156059450695
23.333333333333332,0.2738978643314456
23.416666666666668,0.27249040541089775
23.5,0.2710891623102884
23.583333333333332,0.2696941135479309
23.666666666666668,0.2683052376831385
23.75,0.26692251331633415
23.833333333333332,0.26554591908915826
23.916666666666668,0.2641754336845768
24.0,0.2628110358269866
24.083333333333332,0.2614527042823196
24.166666666666668,0.2601004178581465
24.25,0.25875415540377855
24.333333333333332,0.2574138958103676
24.416666666666668,0.2560796180110061
24.5,0.25475130098082444
24.583333333333332,0.25342892373708775
24.666666666666668,0.25211246533929155
24.75,0.25080190488925563
24.833333333333332,0.24949722153121653
24.916666666666668,0.24819839445191957
25.0,0.2469054028807091
25.083333333333332,0.245618226089617
25.166666666666668,0.24433684339345074
25.25,0.24306123414987996
25.333333333333332,0.2417913777595214
25.416666666666668,0.24052725366602296
25.5,0.2392688413561468
25.583333333333332,0.23801612035985
25.666666666666668,0.23676907025036562
25.75,0.23552767064428148
25.833333333333332,0.2342919012016176
25.916666666666668,0.2330617416259033
26.0,0.2318371716642522
26.083333333333332,0.23061817110743663
26.166666666666668,0.22940471978996024
26.25,0.22819679759013017
26.333333333333332,0.2269943844301274
26.416666666666668,0.22579746027607583
26.5,0.224606005138111
26.583333333333332,0.22341999907044655
26.666666666666668,0.2222394221714404
26.75,0.22106425458365933
26.833333333333332,0.21989447649394223
26.916666666666668,0.21873006813346252
27.0,0.2175710097777896
27.083333333333332,0.21641728174694816
27.166666666666668,0.2152688644054778
27.25,0.21412573816249014
27.333333333333332,0.21298788347172576
27.416666666666668,0.21185528083160926
27.5,0.21072791078530406
27.583333333333332,0.20960575392076503
27.666666666666668,0.20848879087079078
27.75,0.20737700231307485
27.833333333333332,0.20627036897025505
27.916666666666668,0.2051688716099623
28.0,0.20407249104486871
28.083333333333332,0.20298120813273354
28.166666666666668,0.2018950037764488
28.25,0.20081385892408365
28.333333333333332,0.19973775456892767
28.416666666666668,0.19866667174953295
28.5,0.19760059154975532
28.583333333333332,0.19653949509879423
28.666666666666668,0.19548336357123186
28.75,0.1944321781870711
28.833333333333332,0.1933859202117722
28.916666666666668,0.1923445709562886
29.0,0.19130811177710214
29.083333333333332,0.19027652407625623
29.166666666666668,0.18924978930138886
29.25,0.18822788894576423
29.333333333333332,0.18721080454830336
29.416666666666668,0.18619851769361373
29.5,0.18519101001201807
29.583333333333332,0.18418826317958156
29.666666666666668,0.18319025891813887
29.75,0.18219697899531953
29.833333333333332,0.18120840522457266
29.916666666666668,0.1802245194651903
30.0,0.17924530362233052
